MRN Number,First Name,Last Name,DOB,Phone Number,Email,Pincode,State,Years of Exp.,Specialization,Education
f1Bi53,David,Woods,12-02-1977,4828060763,David.Woods@email.com,929342,Manipur,15,"ENT, ","MBBS, MS Cardiothoracic surgery, "
DBXUx6,Bob,Osborne,24-09-1969,1522006582,Bob.Osborne@email.com,377425,Uttar Pradesh,17,"Dentist, Ophthalmologist, ","MBBS, MD in Aerospace Medicine, "
WcRiAD,Seth,Richardson,22-03-1968,4548083824,Seth.Richardson@email.com,863820,Arunachal Pradesh,9,"Orthopedic, ","MBBS, MD in Dermatology, "
TlLusZ,Wm,Wieland,27-09-1973,6626105597,Wm.Wieland@email.com,149035,Haryana,7,"Psychiatrist, Dermatologist, ","MBBS, MS Gynecology, "
AyYRk5,Calvin,Cota,22-11-1973,4770508478,Calvin.Cota@email.com,240706,Goa,14,"Psychiatrist, Ophthalmologist, ","MBBS, MS Pediatric surgery, "
LOemWx,Ramona,Mcclung,22-03-1985,9737897728,Ramona.Mcclung@email.com,116869,Meghalaya,5,"Orthopedic, Physiotherapist, ","MBBS, MD in Biochemistry, "
638sabd,Chandru,Raghavan,01-10-2001,9741895695,chandru.satchi@gmail.com,560008,Karnataka,15,Comp. Sc,B Tech
JOnJeN,Peter,Langston,23-02-1988,1804811996,Peter.Langston@email.com,884183,Arunachal Pradesh,7,"Gynaecologist, ","MBBS, MD in Anesthesia, "
OFXqyN,William,Martinez,10-02-1973,6418769943,William.Martinez@email.com,397334,Tamil Nadu,9,"Physiotherapist, ","MBBS, MD in Obstetrics & Gynecology, "
UBuDtR,Paris,Coburn,30-11-1977,2173448660,Paris.Coburn@email.com,30306,Mizoram,12,"Ophthalmologist, ","MBBS, MD in Forensic Medicine, "
JQPxZO,Garnett,Wall,04-03-1982,8506655382,Garnett.Wall@email.com,222341,Manipur,24,"ENT, ","MBBS, MS Obstetrics, "
s5bdBz,Penny,Karnes,06-11-1978,8534385133,Penny.Karnes@email.com,320496,Tamil Nadu,20,"Physiotherapist, ","MBBS, MS Gynecology, "
fjofiM,Chris,Branch,02-09-1961,6660061038,Chris.Branch@email.com,856679,Gujarat,25,"Sexologist, ","MBBS, MD in Forensic Medicine, "
dYWIgH,Tamara,Plotkin,20-11-1962,9401957907,Tamara.Plotkin@email.com,340534,Mizoram,17,"Paediatrician, Sexologist, ","MBBS, MD in Ophthalmology, "
ORx0Ba,Paul,Howard,30-03-1965,5644389323,Paul.Howard@email.com,774783,Haryana,9,"ENT, ","MBBS, MS Urology, "
BbQIgu,James,Robertson,07-10-1978,6964570508,James.Robertson@email.com,974629,Jammu and Kashmir,14,"Sexologist, ","MBBS, MS Ophthalmology, "
2ZAA5A,Janice,Crandell,23-11-1983,6424939859,Janice.Crandell@email.com,244434,Nagaland,7,"Dermatologist, ","MBBS, MS Urology, "
fBFDc1,Sarah,Edelson,13-04-1989,2068534492,Sarah.Edelson@email.com,37919,Manipur,6,"Ophthalmologist, ","MBBS, MD in Geriatrics, "
wSlLv4,David,Lanham,05-10-1964,4040787273,David.Lanham@email.com,790464,Uttar Pradesh,17,"ENT, Dentist, ","MBBS, MD in ENT, "
fL637V,Jacquelyn,Slocum,12-03-1972,5744933083,Jacquelyn.Slocum@email.com,392729,Himachal Pradesh,10,"General Physician, Orthopedic, ","MBBS, MS Urology, "
K2Vjxb,Ira,Javaux,19-05-1986,9125030822,Ira.Javaux@email.com,979741,Punjab,17,"Paediatrician, Sexologist, ","MBBS, MS ENT, "
CLdwQM,Donna,Horst,11-05-1979,4027945542,Donna.Horst@email.com,175878,Nagaland,19,"Urologist, Gynaecologist, ","MBBS, MD in Forensic Medicine, "
